<?xml version="1.0" encoding="UTF-8"?>
<contents>
    <content title="Agradecimientos" page="1"></content>
    <content title="Voluntariado MIradista en Alemania" page="2"></content>
    <content title="Rendicion de cuentas Ana Paola" page="3"></content>
    <content title="Apoyo al partido" page="4"></content>
    <content title="Multiculturalidad" page="5"></content>
    <content title="Mehr Bock auf Politik " page="6"></content>
    <content title="Trabajo Voluntariado " page="7"></content>
    <content title="Actividades 2020" page="8"></content>
</contents>